Date,Open,High,Low,Close
4-January-2010,17473.45,17582.84,17378.38,17558.73,
5-January-2010,17555.77,17729.78,17555.77,17686.24,
6-January-2010,17719.47,17790.33,17636.71,17701.13,
7-January-2010,17701.97,17733.34,17566.54,17615.72,
8-January-2010,17603.87,17658.12,17508.96,17540.29,
11-January-2010,17724.59,17776.57,17500.79,17526.71,
12-January-2010,17534.10,17612.00,17392.55,17422.51,
13-January-2010,17368.03,17528.31,17276.46,17509.80,
14-January-2010,17525.71,17628.04,17525.71,17584.87,
15-January-2010,17604.31,17639.85,17529.11,17554.30,
18-January-2010,17538.72,17712.60,17505.50,17641.08,
19-January-2010,17650.82,17664.86,17463.78,17486.06,
20-January-2010,17486.69,17590.59,17425.05,17474.49,
21-January-2010,17474.49,17474.49,17025.26,17051.14,
22-January-2010,16978.36,17000.33,16608.09,16859.68,
25-January-2010,16847.70,16877.77,16705.56,16780.46,
27-January-2010,16708.60,16708.60,16230.85,16289.82,
28-January-2010,16317.16,16524.69,16182.14,16306.87,
29-January-2010,16253.82,16390.31,15982.08,16357.96,
1-February-2010,16339.32,16422.40,16160.80,16356.03,
2-February-2010,16368.44,16525.98,16129.11,16163.44,
3-February-2010,16210.25,16552.99,16210.25,16496.05,
4-February-2010,16500.29,16508.22,16188.80,16224.95,
5-February-2010,16222.56,16222.56,15725.43,15790.93,
6-February-2010,15807.75,15951.07,15807.75,15915.65,
8-February-2010,15931.34,16061.41,15651.99,15935.61,
9-February-2010,15940.73,16094.13,15862.90,16042.18,
10-February-2010,16042.18,16141.13,15892.01,15922.17,
11-February-2010,15928.28,16202.87,15928.28,16152.59,
15-February-2010,16186.90,16227.04,16011.82,16038.35,
16-February-2010,16042.18,16310.39,16021.29,16226.68,
17-February-2010,16228.91,16480.89,16228.91,16428.91,
18-February-2010,16421.20,16452.51,16287.17,16327.84,
19-February-2010,16256.53,16301.94,16074.58,16191.63,
22-February-2010,16191.32,16423.23,16191.32,16237.05,
23-February-2010,16213.14,16324.93,16178.91,16286.32,
24-February-2010,16218.68,16328.44,16187.44,16255.97,
25-February-2010,16264.10,16329.33,16167.13,16254.20,
26-February-2010,16255.33,16669.25,16249.67,16429.55,
2-March-2010,16438.45,16808.49,16438.45,16772.56,
3-March-2010,16778.29,17012.61,16778.29,17000.01,
4-March-2010,17013.68,17024.96,16888.05,16971.70,
5-March-2010,16988.29,17097.71,16936.12,16994.49,
8-March-2010,17034.92,17187.55,17034.92,17102.60,
9-March-2010,17089.22,17130.83,17031.21,17052.54,
10-March-2010,17072.94,17183.51,17027.92,17098.33,
11-March-2010,17087.63,17215.07,17054.28,17167.96,
12-March-2010,17176.02,17244.54,17126.93,17166.62,
15-March-2010,17166.97,17195.49,17061.14,17164.99,
16-March-2010,17169.84,17416.55,17150.06,17383.18,
17-March-2010,17389.47,17576.78,17389.47,17490.08,
18-March-2010,17492.81,17548.13,17417.61,17519.26,
19-March-2010,17531.47,17600.87,17502.14,17578.23,
22-March-2010,17481.96,17559.18,17337.38,17410.57,
23-March-2010,17422.51,17530.79,17356.64,17451.02,
25-March-2010,17458.51,17575.23,17383.21,17558.85,
26-March-2010,17558.85,17682.94,17558.85,17644.76,
29-March-2010,17639.18,17793.01,17639.18,17711.35,
30-March-2010,17703.67,17783.35,17558.22,17590.17,
31-March-2010,17602.39,17699.50,17488.55,17527.77,
1-April-2010,17555.04,17706.56,17555.04,17692.62,
5-April-2010,17693.66,17948.54,17693.66,17935.68,
6-April-2010,17940.32,17991.41,17898.00,17941.37,
7-April-2010,17915.60,18047.86,17878.31,17970.02,
8-April-2010,17950.56,17960.91,17679.34,17714.40,
9-April-2010,17715.16,17971.47,17715.16,17933.14,
12-April-2010,17874.16,17995.25,17816.19,17853.00,
13-April-2010,17831.38,17892.78,17736.09,17821.96,
15-April-2010,17804.55,17975.57,17619.02,17639.26,
16-April-2010,17645.91,17663.99,17529.55,17591.18,
19-April-2010,17584.86,17584.86,17276.80,17400.68,
20-April-2010,17394.68,17560.09,17394.68,17460.58,
21-April-2010,17458.76,17565.55,17446.51,17472.56,
22-April-2010,17476.48,17778.34,17408.02,17573.99,
23-April-2010,17533.88,17725.88,17533.88,17694.20,
26-April-2010,17692.26,17826.48,17692.26,17745.28,
27-April-2010,17744.93,17769.25,17678.56,17690.62,
28-April-2010,17643.59,17643.59,17344.58,17380.08,
29-April-2010,17382.09,17532.86,17382.09,17503.47,
30-April-2010,17503.47,17646.61,17503.47,17558.71,
3-May-2010,17536.86,17536.86,17345.92,17386.08,
4-May-2010,17371.75,17464.82,17101.96,17137.14,
5-May-2010,17103.95,17121.66,16858.23,17087.96,
6-May-2010,17080.47,17080.47,16823.00,16987.53,
7-May-2010,16939.58,16939.58,16684.13,16769.11,
10-May-2010,16799.49,17356.54,16799.49,17330.55,
11-May-2010,17336.13,17379.15,17104.45,17141.53,
12-May-2010,17141.53,17252.52,17028.08,17195.81,
13-May-2010,17323.63,17389.15,17240.35,17265.87,
14-May-2010,17267.25,17329.32,16923.65,16994.60,
17-May-2010,16961.92,16961.92,16551.00,16835.56,
18-May-2010,16840.59,17000.34,16744.13,16875.76,
19-May-2010,16802.39,16802.39,16373.32,16408.49,
20-May-2010,16419.10,16617.80,16419.10,16519.68,
21-May-2010,16317.94,16486.74,16187.03,16445.61,
24-May-2010,16494.61,16757.73,16413.03,16469.55,
25-May-2010,16444.57,16444.57,15960.15,16022.48,
26-May-2010,16069.78,16410.35,16069.78,16387.84,
27-May-2010,16410.88,16694.55,16331.10,16666.40,
28-May-2010,16692.66,16891.17,16692.66,16863.06,
31-May-2010,16872.17,16971.15,16806.50,16944.63,
1-June-2010,16942.82,16942.82,16318.39,16572.03,
2-June-2010,16574.79,16774.15,16571.45,16741.84,
3-June-2010,16786.28,17072.63,16786.28,17022.33,
4-June-2010,17036.55,17150.42,16963.92,17117.69,
7-June-2010,17069.77,17069.77,16686.73,16781.07,
8-June-2010,16760.60,16895.73,16560.64,16617.10,
9-June-2010,16621.12,16817.69,16591.26,16657.89,
10-June-2010,16668.91,16942.60,16668.91,16922.08,
11-June-2010,16994.07,17131.56,16994.07,17064.95,
14-June-2010,17118.74,17351.18,17118.74,17338.17,
15-June-2010,17355.49,17442.50,17249.46,17412.83,
16-June-2010,17500.30,17530.38,17407.30,17462.87,
17-June-2010,17490.52,17647.42,17394.90,17616.69,
18-June-2010,17628.02,17721.99,17525.29,17570.82,
21-June-2010,17654.81,17919.62,17654.81,17876.55,
22-June-2010,17868.12,17868.12,17725.63,17749.69,
23-June-2010,17694.87,17782.41,17629.19,17755.94,
24-June-2010,17750.51,17845.65,17632.80,17730.24,
25-June-2010,17705.11,17714.73,17546.73,17574.53,
28-June-2010,17577.66,17794.80,17571.85,17774.26,
29-June-2010,17777.95,17777.95,17465.73,17534.09,
30-June-2010,17476.85,17725.04,17373.78,17700.90,
1-July-2010,17679.34,17679.34,17455.41,17509.33,
2-July-2010,17523.47,17598.94,17426.78,17460.95,
5-July-2010,17473.83,17505.73,17423.74,17441.44,
6-July-2010,17402.68,17643.14,17395.58,17614.48,
7-July-2010,17623.66,17623.66,17447.15,17471.03,
8-July-2010,17536.48,17728.37,17536.48,17651.73,
9-July-2010,17667.85,17857.58,17667.85,17833.54,
12-July-2010,17875.97,18010.07,17874.95,17937.20,
13-July-2010,17908.30,17998.04,17855.85,17985.90,
14-July-2010,18024.95,18167.22,17897.26,17938.16,
15-July-2010,17874.71,17978.56,17858.73,17909.46,
16-July-2010,17911.13,17980.27,17892.16,17955.82,
19-July-2010,17914.12,18005.07,17856.40,17928.42,
20-July-2010,17918.43,18040.17,17848.07,17878.14,
21-July-2010,17873.92,18012.20,17873.92,17977.23,
22-July-2010,17978.37,18127.90,17879.88,18113.15,
23-July-2010,18132.29,18237.56,18093.93,18130.98,
26-July-2010,18056.24,18194.09,17993.88,18020.05,
27-July-2010,17998.74,18149.56,17998.74,18077.61,
28-July-2010,18077.85,18137.14,17925.40,17957.37,
29-July-2010,17961.58,18013.10,17902.84,17992.00,
30-July-2010,17981.06,18000.35,17838.92,17868.29,
2-August-2010,17911.31,18104.24,17911.31,18081.21,
3-August-2010,18149.90,18167.45,18072.38,18114.83,
4-August-2010,18115.56,18249.46,18093.03,18217.44,
5-August-2010,18234.85,18295.43,18156.45,18172.83,
6-August-2010,18165.49,18244.56,18118.19,18143.99,
9-August-2010,18141.11,18309.25,18139.90,18287.50,
10-August-2010,18272.28,18293.40,18170.77,18219.99,
11-August-2010,18177.35,18263.88,18042.89,18070.19,
12-August-2010,17972.65,18113.62,17914.78,18073.90,
13-August-2010,18080.29,18260.39,18050.42,18167.03,
16-August-2010,18169.80,18203.92,17997.46,18050.78,
17-August-2010,18049.19,18140.15,18026.00,18048.85,
18-August-2010,18067.67,18286.00,18067.67,18257.12,
19-August-2010,18276.50,18475.27,18276.50,18454.94,
20-August-2010,18444.24,18464.14,18360.90,18401.82,
23-August-2010,18400.33,18454.38,18371.02,18409.35,
24-August-2010,18407.01,18451.73,18260.71,18311.59,
25-August-2010,18308.51,18312.43,18156.00,18179.64,
26-August-2010,18194.78,18261.06,18159.13,18226.35,
27-August-2010,18205.90,18248.36,17944.16,17998.41,
30-August-2010,18063.48,18216.50,17960.23,18032.11,
31-August-2010,18015.66,18015.66,17819.99,17971.12,
1-September-2010,18027.12,18227.14,18027.12,18205.87,
2-September-2010,18215.28,18355.84,18215.28,18238.31,
3-September-2010,18238.08,18316.32,18206.50,18221.43,
6-September-2010,18124.29,18600.30,18124.29,18560.05,
7-September-2010,18571.73,18711.20,18571.43,18645.06,
8-September-2010,18627.67,18721.21,18540.65,18666.71,
9-September-2010,18669.12,18823.17,18669.12,18799.66,
13-September-2010,18845.31,19243.44,18845.31,19208.33,
14-September-2010,19218.13,19487.02,19218.13,19346.96,
15-September-2010,19343.74,19554.50,19340.99,19502.11,
16-September-2010,19476.93,19636.66,19383.46,19417.49,
17-September-2010,19436.71,19639.18,19436.71,19594.75,
20-September-2010,19445.42,19927.30,19445.42,19906.10,
21-September-2010,19925.79,20088.96,19860.88,20001.55,
22-September-2010,20039.43,20105.54,19804.02,19941.72,
23-September-2010,19944.30,19998.32,19771.63,19861.01,
24-September-2010,19836.43,20071.75,19833.52,20045.18,
27-September-2010,20082.26,20267.98,20082.26,20117.38,
28-September-2010,20114.37,20157.51,19981.96,20104.86,
29-September-2010,20086.89,20234.05,19923.11,19956.34,
30-September-2010,19931.49,20114.73,19864.46,20069.12,
1-October-2010,20094.10,20475.47,20094.10,20445.04,
4-October-2010,20501.21,20706.74,20437.36,20475.73,
5-October-2010,20461.98,20560.54,20383.16,20407.71,
6-October-2010,20448.69,20669.95,20447.05,20543.08,
7-October-2010,20544.30,20581.29,20272.77,20315.32,
8-October-2010,20297.58,20409.19,20145.74,20250.26,
11-October-2010,20291.59,20461.27,20274.95,20339.89,
12-October-2010,20357.79,20368.40,20107.25,20203.34,
13-October-2010,20223.45,20703.97,20211.66,20687.88,
14-October-2010,20700.42,20854.55,20442.82,20497.64,
15-October-2010,20518.50,20578.45,20090.18,20125.05,
18-October-2010,20160.55,20229.39,19870.51,20168.89,
19-October-2010,20298.55,20332.02,19923.96,19983.13,
20-October-2010,19924.02,20043.82,19822.66,19872.15,
21-October-2010,19951.34,20293.10,19886.12,20260.58,
22-October-2010,20334.14,20351.74,20088.67,20165.86,
25-October-2010,20199.73,20452.30,20199.73,20303.12,
26-October-2010,20325.44,20344.68,20189.30,20221.39,
27-October-2010,20220.58,20220.58,19923.71,20005.37,
28-October-2010,20116.49,20185.46,19869.32,19941.04,
29-October-2010,19986.32,20080.33,19768.96,20032.34,
1-November-2010,20272.49,20609.65,20267.10,20355.63,
2-November-2010,20407.18,20418.35,20281.73,20345.69,
3-November-2010,20472.86,20538.80,20426.18,20465.74,
4-November-2010,20605.63,20917.03,20605.63,20893.57,
5-November-2010,21045.66,21108.64,20961.98,21004.96,
8-November-2010,21041.97,21075.71,20822.37,20852.38,
9-November-2010,20851.91,20984.08,20762.81,20932.48,
10-November-2010,20917.54,20970.91,20849.92,20875.71,
11-November-2010,20930.45,20937.38,20544.22,20589.09,
12-November-2010,20529.74,20593.91,20108.40,20156.89,
15-November-2010,20167.62,20335.51,20046.60,20309.69,
16-November-2010,20371.73,20380.10,19832.22,19865.14,
18-November-2010,19997.83,20056.44,19615.51,19930.64,
19-November-2010,19982.75,19982.75,19504.87,19585.44,
22-November-2010,19713.84,19989.02,19641.42,19957.59,
23-November-2010,19841.42,19841.42,19342.69,19691.84,
24-November-2010,19735.28,19835.57,19375.92,19459.85,
25-November-2010,19560.25,19628.27,19257.37,19318.16,
26-November-2010,19391.96,19417.61,18954.82,19136.61,
29-November-2010,19230.34,19450.09,19167.19,19405.10,
30-November-2010,19373.23,19610.46,19218.02,19521.25,
1-December-2010,19529.99,19887.26,19525.15,19850.00,
2-December-2010,20038.66,20084.25,19917.77,19992.70,
3-December-2010,20007.89,20067.81,19877.12,19966.93,
6-December-2010,20038.25,20217.86,19944.71,19981.31,
7-December-2010,19982.90,20008.36,19824.44,19934.64,
8-December-2010,19874.30,19875.51,19611.35,19696.48,
9-December-2010,19746.15,19771.09,19160.87,19242.36,
10-December-2010,19201.89,19537.40,19074.57,19508.89,
13-December-2010,19600.28,19710.57,19321.41,19691.78,
14-December-2010,19746.75,19836.82,19621.41,19799.19,
15-December-2010,19791.22,19817.61,19571.43,19647.77,
16-December-2010,19698.58,19897.22,19554.35,19864.85,
20-December-2010,19770.02,20006.16,19711.12,19888.88,
21-December-2010,19925.76,20090.84,19925.76,20060.32,
22-December-2010,20118.82,20151.25,19931.31,20015.80,
23-December-2010,20038.83,20076.08,19939.30,19982.88,
24-December-2010,19911.46,20086.42,19880.36,20073.66,
27-December-2010,20062.60,20190.13,20010.33,20028.93,
28-December-2010,20056.47,20090.41,19981.76,20025.42,
29-December-2010,20060.88,20274.20,20054.64,20256.03,
30-December-2010,20274.12,20410.91,20274.12,20389.07,
31-December-2010,20412.76,20552.03,20412.76,20509.09,
3-January-2011,20621.61,20664.80,20531.00,20561.05,
4-January-2011,20617.38,20651.21,20449.01,20498.72,
5-January-2011,20509.95,20509.95,20243.95,20301.10,
6-January-2011,20395.50,20425.85,20107.17,20184.74,
7-January-2011,20163.85,20210.62,19629.22,19691.81,
10-January-2011,19714.42,19720.43,19158.43,19224.12,
11-January-2011,19279.77,19431.56,19003.60,19196.34,
12-January-2011,19353.34,19574.63,19048.56,19534.10,
13-January-2011,19492.30,19522.38,19136.27,19182.82,
14-January-2011,19198.04,19447.82,18811.96,18860.44,
17-January-2011,18911.43,19018.94,18779.38,18882.25,
18-January-2011,18983.20,19120.62,18933.47,19092.05,
19-January-2011,19153.31,19167.06,18898.56,18978.32,
20-January-2011,18892.43,19100.26,18794.73,19046.54,
21-January-2011,19007.08,19065.34,18932.40,19007.53,
24-January-2011,19095.69,19194.46,18998.38,19151.28,
25-January-2011,19227.42,19340.99,18949.44,18969.45,
27-January-2011,19086.69,19086.69,18656.05,18684.43,
28-January-2011,18708.62,18723.12,18235.45,18395.97,
31-January-2011,18226.21,18395.09,18038.48,18327.76,
1-February-2011,18425.18,18452.06,17982.17,18022.22,
2-February-2011,18216.91,18306.00,18042.61,18090.62,
3-February-2011,18113.73,18466.21,18064.61,18449.31,
4-February-2011,18450.07,18542.20,17926.98,18008.15,
7-February-2011,18135.02,18180.94,17977.01,18037.19,
8-February-2011,18141.51,18141.51,17742.18,17775.70,
9-February-2011,17723.99,17864.32,17508.35,17592.77,
10-February-2011,17603.29,17636.88,17362.59,17463.04,
11-February-2011,17519.13,17752.56,17295.62,17728.61,
14-February-2011,17940.16,18227.62,17857.12,18202.20,
15-February-2011,18260.08,18361.66,18050.48,18273.80,
16-February-2011,18273.06,18358.84,18216.12,18300.90,
17-February-2011,18345.12,18532.61,18233.79,18506.82,
18-February-2011,18564.08,18690.97,18159.82,18211.52,
21-February-2011,18238.54,18457.49,18082.66,18438.31,
22-February-2011,18390.72,18457.90,18187.33,18296.16,
23-February-2011,18233.77,18377.48,18150.01,18178.33,
24-February-2011,18135.12,18135.12,17559.70,17632.41,
25-February-2011,17775.08,17812.44,17469.97,17700.91,
28-February-2011,17811.08,18296.53,17718.88,17823.40,
1-March-2011,17982.28,18478.68,17964.39,18446.50,
3-March-2011,18318.32,18603.57,18253.62,18489.76,
4-March-2011,18622.70,18736.97,18448.69,18486.45,
7-March-2011,18361.65,18361.65,18058.71,18222.67,
8-March-2011,18277.34,18466.81,18266.62,18439.65,
9-March-2011,18522.80,18583.30,18303.80,18469.95,
10-March-2011,18430.84,18430.84,18261.26,18327.98,
11-March-2011,18248.11,18368.43,18063.29,18174.09,
14-March-2011,18167.10,18463.84,18155.43,18439.48,
15-March-2011,18113.79,18326.33,17920.55,18167.64,
16-March-2011,18263.68,18444.47,18263.68,18358.69,
17-March-2011,18227.16,18354.27,18104.02,18149.87,
18-March-2011,18251.18,18259.61,17849.53,17878.81,
21-March-2011,17984.72,18007.73,17792.17,17839.05,
22-March-2011,17929.09,18041.38,17878.80,17988.30,
23-March-2011,17972.04,18218.28,17950.17,18206.16,
24-March-2011,18286.42,18373.97,18269.32,18350.74,
25-March-2011,18480.69,18858.30,18480.69,18815.64,
28-March-2011,18799.71,19024.18,18799.57,18943.14,
29-March-2011,18949.57,19226.21,18944.82,19120.80,
30-March-2011,19178.77,19357.10,19178.77,19290.18,
31-March-2011,19339.75,19575.16,19284.35,19445.22,
1-April-2011,19463.11,19562.55,19382.35,19420.39,
4-April-2011,19473.93,19729.60,19449.36,19701.73,
5-April-2011,19731.38,19770.21,19523.54,19686.82,
6-April-2011,19698.61,19811.14,19550.55,19612.20,
7-April-2011,19620.88,19665.09,19537.02,19591.18,
8-April-2011,19602.81,19697.21,19388.42,19451.45,
11-April-2011,19382.91,19426.30,19242.59,19262.54,
13-April-2011,19187.01,19737.33,19101.63,19696.86,
15-April-2011,19670.07,19700.96,19337.12,19386.82,
18-April-2011,19389.74,19649.22,19071.47,19091.17,
19-April-2011,19091.78,19201.92,18976.19,19121.83,
20-April-2011,19274.21,19484.77,19171.03,19470.98,
21-April-2011,19582.50,19695.98,19530.50,19602.23,
25-April-2011,19538.52,19697.49,19531.34,19584.31,
26-April-2011,19596.32,19626.13,19306.92,19545.35,
27-April-2011,19610.71,19633.63,19412.79,19448.69,
28-April-2011,19532.85,19542.05,19265.92,19292.02,
29-April-2011,19292.57,19356.50,19015.05,19135.96,
2-May-2011,19224.05,19253.87,18954.76,18998.02,
3-May-2011,18979.31,19024.95,18502.42,18534.69,
4-May-2011,18558.33,18604.36,18339.53,18469.36,
5-May-2011,18484.71,18569.21,18160.65,18210.58,
6-May-2011,18289.78,18568.48,18271.68,18518.81,
9-May-2011,18628.63,18643.58,18367.21,18528.96,
10-May-2011,18564.95,18689.37,18429.06,18512.77,
11-May-2011,18572.61,18622.44,18454.93,18584.96,
12-May-2011,18525.32,18610.02,18314.34,18335.79,
13-May-2011,18362.45,18724.54,18280.70,18531.28,
16-May-2011,18492.68,18492.68,18319.88,18345.03,
17-May-2011,18374.45,18435.80,18084.67,18137.35,
18-May-2011,18177.32,18218.20,18020.79,18086.20,
19-May-2011,18166.64,18198.45,18057.82,18141.40,
20-May-2011,18199.96,18429.47,18161.38,18326.09,
23-May-2011,18269.06,18269.06,17971.02,17993.33,
24-May-2011,18016.43,18110.39,17933.94,18011.97,
25-May-2011,17976.36,17976.36,17786.13,17847.24,
26-May-2011,17917.11,18072.61,17862.88,18044.64,
27-May-2011,18105.61,18298.64,18087.16,18266.10,
30-May-2011,18319.74,18380.17,18199.52,18232.06,
31-May-2011,18266.61,18526.80,18266.61,18503.28,
1-June-2011,18527.12,18636.12,18514.66,18608.81,
2-June-2011,18425.85,18540.67,18390.57,18494.18,
3-June-2011,18554.40,18672.65,18345.85,18376.48,
6-June-2011,18344.27,18458.63,18258.42,18420.11,
7-June-2011,18355.30,18545.95,18351.24,18495.62,
8-June-2011,18448.40,18505.10,18365.94,18394.29,
9-June-2011,18394.57,18449.64,18327.01,18384.90,
10-June-2011,18390.41,18399.02,18182.90,18268.54,
13-June-2011,18242.25,18313.21,18120.76,18266.03,
14-June-2011,18276.78,18380.19,18261.11,18308.66,
15-June-2011,18298.59,18308.69,18111.21,18132.24,
16-June-2011,18060.11,18155.10,17958.94,17985.88,
17-June-2011,18060.17,18064.76,17844.09,17870.53,
20-June-2011,17925.17,17925.17,17314.38,17506.63,
21-June-2011,17574.37,17714.88,17504.27,17560.30,
22-June-2011,17659.37,17678.86,17492.19,17550.63,
23-June-2011,17526.92,17754.55,17482.21,17727.49,
24-June-2011,17804.94,18268.95,17804.94,18240.68,
27-June-2011,18132.70,18494.11,18132.70,18412.41,
28-June-2011,18493.59,18527.45,18323.44,18492.45,
29-June-2011,18552.19,18715.39,18552.19,18693.86,
30-June-2011,18741.10,18873.39,18723.14,18845.87,
1-July-2011,18974.96,19031.38,18713.07,18762.80,
4-July-2011,18896.24,18942.42,18781.88,18814.48,
5-July-2011,18837.88,18837.88,18694.05,18744.56,
6-July-2011,18730.29,18823.45,18682.60,18726.97,
7-July-2011,18776.62,19097.78,18767.25,19078.30,
8-July-2011,19084.06,19131.70,18817.71,18858.04,
11-July-2011,18823.19,18843.97,18679.49,18721.39,
12-July-2011,18534.11,18589.19,18326.42,18411.62,
13-July-2011,18468.82,18626.41,18465.40,18596.02,
14-July-2011,18563.69,18803.05,18449.23,18618.20,
15-July-2011,18694.19,18936.43,18513.22,18561.92,
18-July-2011,18592.19,18622.56,18469.53,18507.04,
19-July-2011,18521.38,18690.42,18481.83,18653.87,
20-July-2011,18756.31,18765.60,18473.90,18502.38,
21-July-2011,18514.65,18566.99,18415.36,18436.19,
22-July-2011,18565.04,18747.06,18533.43,18722.30,
25-July-2011,18753.35,18932.27,18670.84,18871.29,
26-July-2011,18898.19,18944.60,18481.63,18518.22,
27-July-2011,18571.15,18578.55,18358.76,18432.25,
28-July-2011,18300.55,18327.85,18188.88,18209.52,
29-July-2011,18194.15,18334.27,18131.86,18197.20,
1-August-2011,18352.23,18440.07,18219.25,18314.33,
2-August-2011,18283.55,18283.55,18037.87,18109.89,
3-August-2011,17970.19,18005.76,17859.50,17940.55,
4-August-2011,17983.86,18032.55,17664.73,17693.18,
5-August-2011,17350.37,17358.18,16990.91,17305.87,
8-August-2011,16907.57,17247.87,16759.45,16990.18,
9-August-2011,16517.87,17135.04,16432.00,16857.91,
10-August-2011,17244.71,17256.46,17022.25,17130.51,
11-August-2011,17056.61,17207.82,17012.95,17059.40,
12-August-2011,17246.88,17246.88,16784.56,16839.63,
16-August-2011,17015.99,17035.49,16673.52,16730.94,
17-August-2011,16782.24,17000.38,16708.98,16840.80,
18-August-2011,16910.27,16916.81,16433.31,16469.79,
19-August-2011,16237.78,16287.72,15987.77,16141.67,
22-August-2011,16155.99,16370.46,16046.48,16341.70,
23-August-2011,16446.85,16549.21,16213.18,16498.47,
24-August-2011,16490.78,16533.22,16253.78,16284.98,
25-August-2011,16338.14,16373.84,16104.34,16146.33,
26-August-2011,16155.55,16256.38,15765.53,15848.83,
29-August-2011,16080.74,16462.03,16068.73,16416.33,
30-August-2011,16585.10,16714.70,16443.35,16676.75,
2-September-2011,16963.67,16989.86,16688.06,16821.46,
5-September-2011,16678.34,16760.07,16561.46,16713.33,
6-September-2011,16663.73,16894.73,16488.30,16862.81,
7-September-2011,16922.31,17157.21,16922.31,17065.00,
8-September-2011,17118.08,17209.66,16987.37,17165.54,
9-September-2011,17189.75,17211.80,16830.95,16866.97,
12-September-2011,16668.25,16668.25,16393.04,16501.74,
13-September-2011,16618.17,16766.19,16374.68,16467.44,
14-September-2011,16522.71,16754.22,16387.38,16709.60,
15-September-2011,16837.76,16922.40,16545.47,16876.54,
16-September-2011,17047.73,17122.54,16889.58,16933.83,
19-September-2011,16865.93,16865.93,16709.41,16745.35,
20-September-2011,16768.63,17135.44,16758.69,17099.28,
21-September-2011,17128.83,17191.12,17000.61,17065.15,
22-September-2011,16827.85,16833.61,16316.03,16361.15,
23-September-2011,16222.37,16368.41,16052.47,16162.06,
26-September-2011,16209.19,16209.19,15801.01,16051.10,
27-September-2011,16289.32,16551.65,16282.74,16524.03,
28-September-2011,16663.26,16663.26,16363.63,16446.02,
29-September-2011,16387.91,16756.08,16316.66,16698.07,
30-September-2011,16599.74,16745.16,16404.78,16453.76,
3-October-2011,16255.97,16255.97,16056.33,16151.45,
4-October-2011,16081.77,16202.38,15745.43,15864.86,
5-October-2011,15967.72,16044.91,15760.53,15792.41,
7-October-2011,16222.49,16347.48,16148.97,16232.54,
10-October-2011,16270.07,16595.93,16230.77,16557.23,
11-October-2011,16668.15,16774.12,16510.71,16536.47,
12-October-2011,16660.43,16987.06,16608.57,16958.39,
13-October-2011,17048.00,17084.07,16854.03,16883.92,
14-October-2011,16836.83,17112.45,16828.45,17082.69,
17-October-2011,17176.05,17188.55,16928.38,17025.09,
18-October-2011,16817.38,16824.76,16669.04,16748.29,
19-October-2011,16883.36,17106.99,16874.34,17085.34,
20-October-2011,16911.85,16962.06,16744.99,16936.89,
21-October-2011,16975.79,17032.32,16752.21,16785.64,
24-October-2011,17011.06,17104.88,16898.60,16939.28,
25-October-2011,17012.79,17322.13,16900.26,17254.86,
26-October-2011,17336.34,17350.49,17273.52,17288.83,
28-October-2011,17671.86,17908.13,17671.86,17804.80,
31-October-2011,17806.21,17813.11,17668.27,17705.01,
1-November-2011,17540.55,17661.78,17422.47,17480.83,
2-November-2011,17347.70,17615.92,17337.65,17464.85,
3-November-2011,17430.69,17527.10,17278.03,17481.93,
4-November-2011,17674.70,17702.26,17474.39,17562.61,
8-November-2011,17593.67,17632.23,17455.22,17569.53,
9-November-2011,17641.98,17658.34,17331.23,17362.10,
11-November-2011,17187.89,17279.23,17096.84,17192.82,
14-November-2011,17348.52,17391.99,17094.43,17118.74,
15-November-2011,17081.62,17172.09,16837.56,16882.67,
16-November-2011,16872.30,16878.30,16641.65,16775.87,
17-November-2011,16754.68,16807.15,16408.50,16461.71,
18-November-2011,16387.70,16396.69,16164.99,16371.51,
21-November-2011,16297.03,16297.03,15900.30,15946.10,
22-November-2011,15995.69,16212.95,15970.11,16065.42,
23-November-2011,15969.60,15969.60,15478.69,15699.97,
24-November-2011,15715.81,15901.30,15479.97,15858.49,
25-November-2011,15781.25,15891.05,15645.78,15695.43,
28-November-2011,15890.80,16186.68,15888.28,16167.13,
29-November-2011,16210.37,16210.37,15952.54,16008.34,
30-November-2011,15868.96,16179.56,15849.57,16123.46,
1-December-2011,16555.93,16718.11,16430.61,16483.45,
2-December-2011,16493.98,16888.84,16428.66,16846.83,
5-December-2011,16812.30,16863.10,16691.21,16805.33,
7-December-2011,16830.04,17003.71,16781.62,16877.06,
8-December-2011,16819.74,16847.82,16421.55,16488.24,
9-December-2011,16258.44,16382.57,16142.32,16213.46,
12-December-2011,16354.96,16360.32,15839.96,15870.35,
13-December-2011,15778.62,16079.38,15771.59,16002.51,
14-December-2011,15963.75,16133.41,15855.12,15881.14,
15-December-2011,15739.05,15908.02,15596.22,15836.47,
16-December-2011,15868.78,16068.90,15425.20,15491.35,
19-December-2011,15440.10,15440.10,15190.74,15379.34,
20-December-2011,15436.12,15448.13,15135.86,15175.08,
21-December-2011,15487.75,15727.31,15377.04,15685.21,
22-December-2011,15546.66,15834.63,15472.70,15813.36,
23-December-2011,15863.43,15911.23,15671.28,15738.70,
26-December-2011,15782.17,15998.44,15761.18,15970.75,
27-December-2011,15983.98,16049.12,15799.63,15873.95,
28-December-2011,15854.36,15887.80,15666.46,15727.85,
29-December-2011,15658.94,15724.60,15515.44,15543.93,
30-December-2011,15583.55,15694.05,15406.93,15454.92,
2-January-2012,15534.67,15542.85,15358.02,15517.92,
3-January-2012,15640.56,15970.31,15640.56,15939.36,
4-January-2012,15967.49,16004.69,15822.32,15882.64,
5-January-2012,15893.07,15980.17,15809.31,15857.08,
6-January-2012,15789.08,16001.31,15664.91,15867.73,
7-January-2012,15893.30,15900.30,15835.29,15848.80,
9-January-2012,15840.22,15871.51,15678.30,15814.72,
10-January-2012,15898.32,16180.97,15898.32,16165.09,
11-January-2012,16222.37,16244.70,16127.77,16175.86,
12-January-2012,16117.19,16178.58,15962.59,16037.51,
13-January-2012,16144.57,16257.34,16049.78,16154.62,
16-January-2012,16086.74,16214.36,16037.60,16189.36,
17-January-2012,16270.87,16501.38,16270.87,16466.05,
18-January-2012,16502.42,16517.96,16384.48,16451.47,
19-January-2012,16573.87,16662.06,16572.10,16643.74,
20-January-2012,16745.01,16788.48,16611.71,16739.01,
23-January-2012,16667.02,16784.00,16659.32,16751.73,
24-January-2012,16806.72,17050.32,16770.01,16995.77,
25-January-2012,17068.85,17130.24,17016.69,17077.18,
27-January-2012,17201.33,17258.97,17106.57,17233.98,
30-January-2012,17138.04,17138.04,16828.33,16863.30,
31-January-2012,16965.58,17238.99,16965.58,17193.55,
1-February-2012,17179.64,17327.21,17061.55,17300.58,
2-February-2012,17438.07,17504.25,17308.28,17431.85,
3-February-2012,17444.25,17630.53,17382.70,17604.96,
6-February-2012,17741.91,17829.72,17595.10,17707.31,
7-February-2012,17813.74,17832.04,17582.49,17622.45,
8-February-2012,17631.69,17809.21,17579.59,17707.32,
9-February-2012,17647.80,17879.46,17609.43,17830.75,
10-February-2012,17817.59,17890.11,17627.14,17748.69,
13-February-2012,17761.70,17849.64,17665.89,17772.84,
14-February-2012,17767.46,17890.33,17742.58,17848.57,
15-February-2012,18000.30,18231.35,18000.30,18202.41,
16-February-2012,18163.05,18182.78,18043.32,18153.99,
17-February-2012,18331.20,18423.06,18234.56,18289.35,
21-February-2012,18303.73,18470.86,18293.80,18428.61,
22-February-2012,18490.87,18523.78,18095.81,18145.25,
23-February-2012,18127.35,18249.53,18005.28,18078.50,
24-February-2012,18079.01,18198.15,17848.93,17923.57,
27-February-2012,17975.19,17975.19,17381.64,17445.75,
28-February-2012,17545.11,17776.82,17530.44,17731.12,
29-February-2012,17919.93,18001.35,17677.97,17752.68,
1-March-2012,17714.62,17717.53,17463.27,17583.97,
2-March-2012,17661.39,17731.88,17504.38,17636.80,
3-March-2012,17648.47,17676.83,17617.88,17636.99,
5-March-2012,17598.42,17598.42,17312.30,17362.87,
6-March-2012,17336.64,17691.96,17128.28,17173.29,
7-March-2012,17127.18,17239.35,17008.77,17145.52,
9-March-2012,17325.82,17531.62,17325.82,17503.24,
12-March-2012,17772.10,17772.10,17494.65,17587.67,
13-March-2012,17680.23,17842.92,17680.23,17813.62,
14-March-2012,18003.15,18040.69,17837.22,17919.30,
15-March-2012,17916.85,17918.25,17622.13,17675.85,
16-March-2012,17656.81,17871.00,17426.58,17466.20,
19-March-2012,17531.47,17561.46,17226.43,17273.37,
20-March-2012,17308.89,17410.13,17211.73,17316.18,
21-March-2012,17301.16,17622.87,17275.88,17601.71,
22-March-2012,17586.06,17687.01,17136.50,17196.47,
23-March-2012,17257.72,17458.35,17179.33,17361.74,
26-March-2012,17377.59,17377.59,17021.85,17052.78,
27-March-2012,17209.13,17366.84,17061.16,17257.36,
28-March-2012,17234.48,17245.82,17040.12,17121.62,
29-March-2012,17039.85,17109.35,16920.61,17058.61,
30-March-2012,17117.41,17439.51,17105.22,17404.20,
2-April-2012,17429.96,17529.98,17382.38,17478.15,
3-April-2012,17576.21,17664.10,17570.01,17597.42,
4-April-2012,17553.26,17553.26,17436.60,17486.02,
9-April-2012,17407.66,17407.66,17199.63,17222.14,
10-April-2012,17259.26,17274.69,17135.76,17243.84,
11-April-2012,17125.96,17319.15,17075.89,17199.40,
12-April-2012,17276.87,17395.15,17276.87,17332.62,
13-April-2012,17232.56,17398.22,17027.30,17094.51,
16-April-2012,17047.87,17173.06,17010.16,17150.95,
17-April-2012,17200.97,17381.92,17103.36,17357.94,
18-April-2012,17447.26,17522.80,17371.93,17392.39,
19-April-2012,17432.89,17530.30,17361.71,17503.71,
20-April-2012,17459.72,17519.88,17231.34,17373.84,
23-April-2012,17347.76,17444.18,17056.77,17096.68,
24-April-2012,17154.75,17247.53,17046.72,17207.29,
25-April-2012,17225.54,17249.61,17019.24,17151.29,
26-April-2012,17191.02,17193.25,17084.05,17130.67,
27-April-2012,17145.39,17242.15,17022.09,17134.25,
28-April-2012,17134.19,17212.36,17125.88,17187.34,
30-April-2012,17195.51,17359.18,17195.51,17318.81,
2-May-2012,17370.93,17432.33,17265.48,17301.91,
3-May-2012,17271.77,17271.77,17120.86,17151.19,
4-May-2012,17066.84,17121.37,16776.72,16831.08,
7-May-2012,16620.44,16944.13,16513.77,16912.71,
8-May-2012,16915.71,16918.31,16502.91,16546.18,
9-May-2012,16436.41,16615.74,16422.93,16479.58,
10-May-2012,16515.62,16671.81,16377.02,16420.05,
11-May-2012,16355.59,16447.24,16233.76,16292.98,
14-May-2012,16318.36,16390.33,16124.82,16215.84,
15-May-2012,16146.90,16370.12,16123.04,16328.25,
16-May-2012,16132.68,16132.68,15974.60,16030.09,
17-May-2012,16119.08,16240.18,16007.92,16070.48,
18-May-2012,15868.07,16206.35,15809.71,16152.75,
21-May-2012,16187.66,16298.39,16149.61,16183.26,
22-May-2012,16344.34,16366.72,16000.84,16026.41,
23-May-2012,15995.14,16002.03,15847.03,15948.10,
24-May-2012,16033.90,16252.37,15934.77,16222.30,
25-May-2012,16213.24,16273.48,16118.35,16217.82,
28-May-2012,16289.82,16439.97,16273.49,16416.84,
29-May-2012,16500.04,16544.38,16410.21,16438.58,
30-May-2012,16391.90,16428.74,16295.31,16312.15,
31-May-2012,16224.86,16277.48,16086.06,16218.53,
1-June-2012,16217.48,16226.19,15933.48,15965.16,
4-June-2012,15808.88,16012.84,15748.98,15988.40,
5-June-2012,16065.37,16138.29,15979.77,16020.64,
6-June-2012,16100.36,16494.50,16100.36,16454.30,
7-June-2012,16578.01,16680.59,16519.89,16649.05,
8-June-2012,16611.52,16767.77,16485.02,16718.87,
11-June-2012,16804.89,16893.81,16627.48,16668.01,
12-June-2012,16570.51,16897.42,16553.47,16862.80,
13-June-2012,16865.72,16944.11,16792.87,16880.51,
14-June-2012,16857.23,16921.49,16658.98,16677.88,
15-June-2012,16701.28,16967.76,16701.28,16949.83,
18-June-2012,17039.54,17109.95,16636.09,16705.83,
19-June-2012,16681.89,16890.00,16681.89,16859.80,
20-June-2012,16903.96,16962.49,16840.10,16896.63,
21-June-2012,16855.60,17050.44,16799.63,17032.56,
22-June-2012,16882.74,17016.06,16807.80,16972.51,
25-June-2012,17038.77,17131.15,16853.05,16882.16,
26-June-2012,16873.09,16946.66,16815.87,16906.58,
27-June-2012,16975.76,17029.27,16930.80,16967.76,
28-June-2012,16985.58,17033.85,16918.87,16990.76,
29-June-2012,17134.61,17448.48,17134.61,17429.98,
2-July-2012,17438.68,17486.57,17363.04,17398.98,
3-July-2012,17457.95,17526.82,17351.50,17425.71,
4-July-2012,17473.26,17523.77,17372.45,17462.81,
5-July-2012,17478.16,17562.89,17423.45,17538.67,
6-July-2012,17546.04,17554.55,17425.47,17521.12,
9-July-2012,17449.93,17485.79,17343.55,17391.98,
10-July-2012,17431.68,17631.19,17424.29,17618.35,
11-July-2012,17553.97,17582.99,17466.99,17489.14,
12-July-2012,17297.06,17329.46,17181.17,17232.55,
13-July-2012,17269.20,17342.88,17182.29,17213.70,
16-July-2012,17241.98,17282.30,17079.63,17103.31,
17-July-2012,17176.93,17236.08,17074.63,17105.30,
18-July-2012,17113.37,17205.26,17038.59,17185.01,
19-July-2012,17288.34,17318.93,17244.76,17278.85,
20-July-2012,17275.20,17275.20,17129.69,17158.44,
23-July-2012,17047.73,17047.73,16849.28,16877.35,
24-July-2012,16907.74,16962.74,16839.70,16918.08,
25-July-2012,16899.01,16899.01,16736.60,16846.05,
26-July-2012,16887.84,16899.77,16598.48,16639.82,
27-July-2012,16860.16,16975.03,16760.72,16839.19,
30-July-2012,16919.14,17163.95,16919.14,17143.68,
31-July-2012,17186.61,17253.67,17004.09,17236.18,
1-August-2012,17244.44,17291.99,17189.16,17257.38,
2-August-2012,17245.68,17246.01,17157.28,17224.36,
3-August-2012,17164.48,17208.36,17026.97,17197.93,
6-August-2012,17313.05,17451.53,17313.05,17412.96,
7-August-2012,17456.37,17641.55,17417.92,17601.78,
8-August-2012,17638.53,17726.64,17582.66,17600.56,
9-August-2012,17612.08,17702.98,17516.99,17560.87,
10-August-2012,17515.42,17590.61,17471.37,17557.74,
13-August-2012,17551.69,17642.38,17522.10,17633.45,
14-August-2012,17631.64,17753.43,17572.34,17728.20,
16-August-2012,17752.22,17763.59,17640.62,17657.21,
17-August-2012,17701.20,17801.39,17622.62,17691.08,
21-August-2012,17705.14,17898.35,17705.14,17885.26,
22-August-2012,17827.25,17912.08,17800.29,17846.86,
23-August-2012,17856.29,17972.54,17792.87,17850.22,
24-August-2012,17790.25,17822.50,17725.42,17783.21,
27-August-2012,17769.44,17820.07,17662.21,17678.81,
28-August-2012,17676.13,17712.35,17570.71,17631.71,
29-August-2012,17651.14,17653.90,17471.13,17490.81,
30-August-2012,17433.50,17605.51,17367.55,17541.64,
31-August-2012,17557.62,17557.62,17337.61,17429.56,
3-September-2012,17465.60,17509.99,17349.57,17384.40,
4-September-2012,17378.68,17452.70,17308.27,17440.87,
5-September-2012,17359.96,17411.67,17250.80,17313.34,
6-September-2012,17320.73,17418.40,17294.74,17346.27,
7-September-2012,17575.79,17701.20,17575.79,17683.73,
8-September-2012,17701.07,17773.15,17694.83,17749.65,
10-September-2012,17780.93,17810.90,17728.12,17766.78,
11-September-2012,17711.80,17867.85,17677.38,17852.95,
12-September-2012,17916.13,18012.89,17884.96,18000.03,
13-September-2012,18023.95,18062.68,17976.28,18021.16,
14-September-2012,18284.75,18498.54,18284.75,18464.27,
17-September-2012,18619.90,18715.03,18480.54,18542.31,
18-September-2012,18514.72,18580.48,18469.51,18496.01,
20-September-2012,18292.22,18443.92,18291.93,18349.25,
21-September-2012,18411.20,18866.87,18411.20,18752.83,
24-September-2012,18756.31,18811.13,18650.43,18673.34,
25-September-2012,18708.01,18790.01,18636.16,18694.41,
26-September-2012,18644.54,18670.48,18573.18,18632.17,
27-September-2012,18659.75,18735.95,18552.68,18579.50,
28-September-2012,18704.98,18869.94,18698.51,18762.74,
1-October-2012,18784.64,18838.54,18745.28,18823.91,
3-October-2012,18841.49,18905.62,18816.57,18869.69,
4-October-2012,18939.75,19107.04,18939.75,19058.15,
5-October-2012,19115.89,19137.29,18757.34,18938.46,
8-October-2012,18969.19,18969.19,18684.40,18708.98,
9-October-2012,18796.25,18885.84,18722.05,18793.36,
10-October-2012,18699.19,18740.63,18614.37,18631.10,
11-October-2012,18627.37,18847.81,18581.49,18804.75,
12-October-2012,18727.10,18844.35,18638.34,18675.18,
15-October-2012,18690.99,18726.38,18596.65,18713.55,
16-October-2012,18784.75,18801.10,18549.28,18577.70,
17-October-2012,18667.72,18705.19,18535.37,18610.77,
18-October-2012,18653.60,18806.56,18576.41,18791.93,
19-October-2012,18768.00,18769.59,18611.76,18682.31,
22-October-2012,18655.93,18809.28,18600.88,18793.44,
23-October-2012,18803.62,18812.93,18689.38,18710.02,
25-October-2012,18712.41,18789.92,18699.07,18758.63,
26-October-2012,18715.35,18729.53,18558.05,18625.34,
29-October-2012,18656.00,18743.41,18572.02,18635.82,
30-October-2012,18642.01,18718.28,18393.42,18430.85,
31-October-2012,18436.79,18521.62,18398.48,18505.38,
1-November-2012,18487.90,18589.13,18445.18,18561.70,
2-November-2012,18692.15,18793.75,18687.93,18755.45,
5-November-2012,18749.37,18794.63,18683.25,18762.87,
6-November-2012,18739.97,18829.07,18726.94,18817.38,
7-November-2012,18802.82,18973.43,18786.14,18902.41,
8-November-2012,18779.74,18865.21,18736.45,18846.26,
9-November-2012,18832.75,18894.42,18656.41,18683.68,
12-November-2012,18691.02,18750.92,18607.66,18670.34,
13-November-2012,18728.95,18732.71,18592.21,18618.87,
15-November-2012,18590.07,18593.54,18408.69,18471.37,
16-November-2012,18491.49,18563.32,18266.76,18309.37,
19-November-2012,18349.53,18386.78,18256.07,18339.00,
20-November-2012,18422.69,18467.91,18255.69,18329.32,
21-November-2012,18379.90,18478.50,18309.81,18460.38,
22-November-2012,18510.94,18567.68,18456.20,18517.34,
23-November-2012,18543.95,18556.50,18402.38,18506.57,
26-November-2012,18574.36,18590.33,18508.79,18537.01,
27-November-2012,18616.55,18862.70,18616.55,18842.08,
29-November-2012,18873.63,19205.33,18873.63,19170.91,
30-November-2012,19229.70,19372.70,19186.30,19339.90,
3-December-2012,19342.83,19416.45,19257.30,19305.32,
4-December-2012,19277.58,19373.94,19263.71,19348.12,
5-December-2012,19397.98,19463.25,19371.01,19391.86,
6-December-2012,19475.09,19523.25,19186.24,19486.80,
7-December-2012,19514.88,19561.87,19363.13,19424.10,
10-December-2012,19442.19,19478.01,19362.32,19409.69,
11-December-2012,19466.29,19612.18,19285.29,19387.14,
12-December-2012,19432.54,19478.79,19317.23,19355.26,
13-December-2012,19403.66,19421.72,19196.75,19229.26,
14-December-2012,19217.96,19348.85,19193.11,19317.25,
17-December-2012,19290.92,19346.78,19221.87,19244.42,
18-December-2012,19293.01,19396.28,19149.03,19364.75,
19-December-2012,19429.91,19516.02,19419.76,19476.00,
20-December-2012,19511.41,19520.51,19335.72,19453.92,
21-December-2012,19394.55,19394.55,19221.12,19242.00,
24-December-2012,19278.00,19347.64,19237.26,19255.09,
26-December-2012,19302.47,19468.40,19274.07,19417.46,
27-December-2012,19479.84,19504.40,19302.21,19323.80,
28-December-2012,19364.08,19465.74,19346.07,19444.84,
31-December-2012,19422.59,19491.58,19406.17,19426.71,
1-January-2013,19513.45,19623.76,19508.93,19580.81,
2-January-2013,19693.30,19756.68,19686.50,19714.24,
3-January-2013,19771.03,19786.30,19693.29,19764.78,
4-January-2013,19782.59,19797.44,19679.99,19784.08,
7-January-2013,19820.56,19856.43,19654.46,19691.42,
8-January-2013,19681.38,19761.78,19632.59,19742.52,
9-January-2013,19770.21,19824.06,19627.16,19666.59,
10-January-2013,19728.02,19783.75,19596.38,19663.55,
11-January-2013,19813.64,19839.80,19619.83,19663.64,
14-January-2013,19689.09,19948.63,19689.09,19906.41,
15-January-2013,19999.82,20036.82,19881.78,19986.82,
16-January-2013,19978.19,20009.36,19783.02,19817.63,
17-January-2013,19846.42,20005.98,19783.41,19964.03,
18-January-2013,20038.67,20126.55,19990.62,20039.04,
21-January-2013,20132.83,20163.38,20056.46,20101.82,
22-January-2013,20102.43,20156.86,19952.91,19981.57,
23-January-2013,19997.04,20058.07,19920.91,20026.61,
24-January-2013,20017.20,20072.28,19884.20,19923.78,
25-January-2013,19945.69,20129.01,19928.11,20103.53,
28-January-2013,20129.00,20172.45,20062.79,20103.35,
29-January-2013,20080.31,20203.66,19970.05,19990.90,
30-January-2013,20014.80,20073.46,19964.64,20005.00,
31-January-2013,19987.28,20008.83,19865.72,19894.98,
1-February-2013,19907.21,19966.69,19736.45,19781.19,
4-February-2013,19860.97,19902.60,19728.21,19751.19,
5-February-2013,19665.54,19717.26,19631.97,19659.82,
6-February-2013,19737.77,19767.25,19611.27,19639.72,
7-February-2013,19589.44,19702.56,19540.08,19580.32,
8-February-2013,19577.19,19648.07,19414.80,19484.77,
11-February-2013,19517.59,19543.44,19416.94,19460.57,
12-February-2013,19489.87,19583.53,19438.53,19561.04,
13-February-2013,19601.69,19723.01,19574.15,19608.08,
14-February-2013,19626.81,19639.83,19444.33,19497.18,
15-February-2013,19449.83,19512.89,19381.82,19468.15,
18-February-2013,19496.25,19554.48,19462.92,19501.08,
19-February-2013,19523.70,19671.17,19457.21,19635.72,
20-February-2013,19717.94,19742.42,19619.89,19642.75,
21-February-2013,19549.05,19554.65,19289.70,19325.36,
22-February-2013,19341.90,19401.75,19289.83,19317.01,
25-February-2013,19365.33,19411.18,19237.98,19331.69,
26-February-2013,19290.66,19293.49,18976.94,19015.14,
27-February-2013,19090.32,19213.02,18997.82,19152.41,
28-February-2013,19264.80,19322.28,18793.97,18861.54,
1-March-2013,18876.68,18988.97,18820.90,18918.52,
4-March-2013,18920.90,18930.86,18760.41,18877.96,
5-March-2013,18943.62,19164.04,18943.62,19143.17,
6-March-2013,19254.20,19293.39,19195.47,19252.61,
7-March-2013,19222.05,19465.52,19212.92,19413.54,
8-March-2013,19478.67,19706.03,19477.61,19683.23,
11-March-2013,19679.88,19754.66,19602.71,19646.21,
12-March-2013,19675.81,19697.84,19505.75,19564.92,
13-March-2013,19511.97,19511.97,19338.52,19362.55,
14-March-2013,19367.26,19604.70,19179.33,19570.44,
15-March-2013,19570.01,19673.16,19383.13,19427.56,
18-March-2013,19282.63,19345.42,19232.23,19293.20,
19-March-2013,19345.91,19378.61,18939.47,19008.10,
20-March-2013,19026.46,19028.09,18836.77,18884.19,
21-March-2013,18926.21,19082.29,18756.65,18792.87,
22-March-2013,18784.93,18859.82,18669.20,18735.60,
25-March-2013,18894.13,18950.22,18654.61,18681.42,
26-March-2013,18645.09,18758.88,18612.37,18704.53,
28-March-2013,18702.46,18882.54,18568.43,18835.77,
1-April-2013,18890.81,18959.48,18796.60,18864.75,
2-April-2013,18863.82,19060.51,18826.53,19040.95,
3-April-2013,19034.00,19035.20,18721.72,18801.64,
4-April-2013,18731.38,18733.62,18473.85,18509.70,
5-April-2013,18493.67,18525.45,18389.29,18450.23,
8-April-2013,18455.80,18504.48,18402.93,18437.78,
9-April-2013,18481.47,18565.56,18206.61,18226.48,
10-April-2013,18355.14,18461.44,18173.31,18414.45,
11-April-2013,18577.52,18599.14,18397.94,18542.20,
12-April-2013,18275.66,18337.91,18186.10,18242.56,
15-April-2013,18196.09,18424.40,18144.22,18357.80,
16-April-2013,18356.32,18771.33,18325.73,18744.93,
17-April-2013,18773.45,18869.88,18673.44,18731.16,
18-April-2013,18695.34,19058.80,18691.61,19016.46,
22-April-2013,18989.78,19204.90,18989.78,19169.83,
23-April-2013,19210.26,19210.26,19042.08,19179.36,
25-April-2013,19192.11,19434.85,19192.11,19406.85,
26-April-2013,19376.00,19384.95,19249.75,19286.72,
29-April-2013,19306.67,19428.94,19284.40,19387.50,
30-April-2013,19492.83,19622.68,19317.38,19504.18,
2-May-2013,19459.33,19792.00,19451.26,19735.77,
3-May-2013,19707.95,19744.85,19542.63,19575.64,
6-May-2013,19571.66,19694.29,19554.31,19673.64,
7-May-2013,19697.33,19917.88,19697.33,19888.95,
8-May-2013,19950.22,20037.27,19851.22,19990.18,
9-May-2013,20015.86,20058.48,19903.83,19939.04,
10-May-2013,19911.08,20119.14,19908.80,20082.62,
11-May-2013,20091.93,20146.83,20055.18,20122.32,
13-May-2013,20073.41,20109.08,19667.39,19691.67,
14-May-2013,19715.80,19831.79,19652.69,19722.29,
15-May-2013,19798.18,20241.96,19798.18,20212.96,
16-May-2013,20167.93,20326.48,20162.12,20247.33,
17-May-2013,20267.60,20328.19,20155.01,20286.12,
20-May-2013,20277.76,20443.62,20186.66,20223.98,
21-May-2013,20227.17,20308.04,20072.68,20111.61,
22-May-2013,20150.69,20220.35,20000.86,20062.24,
23-May-2013,19971.37,20027.56,19634.79,19674.33,
24-May-2013,19765.32,19833.14,19568.49,19704.33,
27-May-2013,19750.67,20083.47,19678.31,20030.77,
28-May-2013,20056.28,20209.82,19963.23,20160.82,
29-May-2013,20202.51,20216.49,20044.74,20147.64,
30-May-2013,20066.94,20254.03,20066.14,20215.40,
31-May-2013,20186.67,20191.29,19730.55,19760.30,
3-June-2013,19859.22,19860.19,19541.97,19610.48,
4-June-2013,19605.68,19742.70,19522.47,19545.78,
5-June-2013,19532.42,19604.43,19441.35,19568.22,
6-June-2013,19503.68,19635.37,19395.32,19519.49,
7-June-2013,19522.31,19711.55,19397.51,19429.23,
10-June-2013,19530.35,19585.75,19366.82,19441.07,
11-June-2013,19382.22,19418.74,19121.18,19143.00,
12-June-2013,19103.96,19143.24,18969.08,19041.13,
13-June-2013,18897.49,18914.13,18765.53,18827.16,
14-June-2013,18959.83,19213.10,18952.09,19177.93,
17-June-2013,19249.90,19344.28,19084.68,19325.87,
18-June-2013,19329.17,19383.61,19191.37,19223.28,
19-June-2013,19224.09,19274.26,19100.13,19245.70,
20-June-2013,19069.20,19069.20,18687.19,18719.29,
21-June-2013,18695.80,18820.81,18615.14,18774.24,
24-June-2013,18714.06,18714.06,18467.16,18540.89,
25-June-2013,18602.25,18802.31,18487.30,18629.15,
26-June-2013,18662.37,18690.50,18514.35,18552.12,
27-June-2013,18716.11,18925.75,18688.28,18875.95,
28-June-2013,19093.18,19432.94,19093.18,19395.81,
1-July-2013,19352.48,19598.43,19347.57,19577.39,
2-July-2013,19573.93,19589.14,19442.75,19463.82,
3-July-2013,19347.11,19347.11,19147.31,19177.76,
4-July-2013,19256.12,19445.02,19245.01,19410.84,
5-July-2013,19568.79,19640.27,19477.74,19495.82,
8-July-2013,19418.98,19422.69,19185.92,19324.77,
9-July-2013,19399.37,19486.00,19380.25,19439.48,
10-July-2013,19482.66,19505.93,19237.91,19294.12,
11-July-2013,19468.46,19723.51,19468.46,19676.06,
12-July-2013,19898.69,19991.94,19785.59,19958.47,
15-July-2013,19926.10,20072.44,19883.19,20034.48,
16-July-2013,19788.09,19890.63,19649.58,19851.23,
17-July-2013,19928.95,19983.22,19778.54,19948.73,
18-July-2013,19999.51,20176.90,19956.20,20128.41,
19-July-2013,20213.45,20256.60,20111.13,20149.85,
22-July-2013,20096.71,20264.90,20065.69,20159.12,
23-July-2013,20249.98,20351.06,20249.98,20302.13,
24-July-2013,20200.20,20252.70,19994.25,20090.68,
25-July-2013,20062.00,20110.81,19763.90,19804.76,
26-July-2013,19892.47,19907.45,19699.76,19748.19,
29-July-2013,19714.42,19751.03,19570.87,19593.28,
30-July-2013,19577.75,19672.72,19328.54,19348.34,
31-July-2013,19304.07,19387.50,19126.82,19345.70,
1-August-2013,19443.29,19569.20,19170.46,19317.19,
2-August-2013,19399.55,19451.70,19078.72,19164.02,
5-August-2013,19178.06,19306.51,19141.68,19182.26,
6-August-2013,19127.10,19131.92,18667.30,18733.04,
7-August-2013,18758.53,18811.46,18551.35,18664.88,
8-August-2013,18687.30,18829.26,18621.67,18789.34,
12-August-2013,18898.94,19066.97,18796.01,18946.98,
13-August-2013,18895.26,19248.11,18864.81,19229.84,
14-August-2013,19299.42,19392.56,19203.63,19367.59,
16-August-2013,19297.11,19310.95,18559.65,18598.18,
19-August-2013,18587.38,18587.38,18139.15,18307.52,
20-August-2013,18142.83,18306.46,17970.98,18246.04,
21-August-2013,18545.44,18567.70,17807.19,17905.91,
22-August-2013,17896.84,18349.82,17759.59,18312.94,
23-August-2013,18386.53,18546.60,18210.75,18519.44,
26-August-2013,18602.56,18728.19,18488.93,18558.13,
27-August-2013,18460.72,18460.72,17921.82,17968.08,
28-August-2013,17851.44,18101.84,17448.71,17996.15,
29-August-2013,18073.66,18455.66,18071.22,18401.04,
30-August-2013,18424.72,18679.26,18272.76,18619.72,
2-September-2013,18691.83,18942.06,18678.93,18886.13,
3-September-2013,19002.77,19007.31,18166.17,18234.66,
4-September-2013,18314.68,18612.60,18188.43,18567.55,
5-September-2013,18857.60,19117.52,18847.02,18979.76,
6-September-2013,19072.02,19293.96,18929.38,19270.06,
10-September-2013,19448.39,20012.69,19444.66,19997.09,
11-September-2013,19999.77,20055.53,19777.63,19997.45,
12-September-2013,20046.05,20052.05,19676.49,19781.88,
13-September-2013,19744.54,19899.37,19675.68,19732.76,
16-September-2013,19977.38,20086.43,19596.15,19742.47,
17-September-2013,19721.90,19819.10,19635.44,19804.03,
18-September-2013,19865.99,20013.33,19775.29,19962.16,
19-September-2013,20354.73,20739.69,20347.30,20646.64,
20-September-2013,20616.35,20677.99,20051.43,20263.71,
23-September-2013,20060.82,20199.81,19826.30,19900.96,
24-September-2013,19820.03,20050.42,19782.78,19920.21,
25-September-2013,19947.43,19978.49,19658.74,19856.24,
26-September-2013,19853.66,19997.28,19826.99,19893.85,
27-September-2013,19951.73,19981.57,19674.38,19727.27,
30-September-2013,19643.89,19651.31,19320.73,19379.77,
1-October-2013,19452.05,19532.91,19264.72,19517.15,
3-October-2013,19585.79,19929.24,19583.97,19902.07,
4-October-2013,19870.00,20052.00,19833.17,19915.95,
7-October-2013,19880.94,19921.38,19647.88,19895.10,
8-October-2013,20094.21,20150.27,19936.72,19983.61,
9-October-2013,19918.20,20277.74,19826.96,20249.26,
10-October-2013,20228.76,20323.77,20135.91,20272.91,
11-October-2013,20535.90,20559.69,20368.06,20528.59,
14-October-2013,20534.61,20645.94,20497.88,20607.54,
15-October-2013,20722.90,20759.58,20446.73,20547.62,
17-October-2013,20579.56,20629.80,20375.42,20415.51,
18-October-2013,20486.78,20932.23,20486.78,20882.89,
21-October-2013,20915.76,20970.92,20768.99,20893.89,
22-October-2013,20863.15,20948.91,20810.25,20864.97,
23-October-2013,20875.31,20922.32,20589.72,20767.88,
24-October-2013,20766.05,21039.42,20656.70,20725.43,
25-October-2013,20725.52,20782.16,20622.55,20683.52,
28-October-2013,20696.51,20771.36,20550.64,20570.28,
29-October-2013,20593.49,20952.55,20493.66,20929.01,
30-October-2013,20944.14,21086.59,20937.12,21033.97,
31-October-2013,21000.60,21205.44,20991.98,21164.52,
1-November-2013,21158.81,21293.88,21141.32,21196.81,
3-November-2013,21278.08,21321.53,21212.31,21239.36,
5-November-2013,21134.10,21158.56,20951.71,20974.79,
6-November-2013,21004.54,21045.38,20861.42,20894.94,
7-November-2013,20896.13,21142.85,20797.06,20822.77,
8-November-2013,20785.20,20821.01,20600.90,20666.15,
11-November-2013,20596.40,20672.53,20453.15,20490.96,
12-November-2013,20510.31,20584.22,20262.22,20281.91,
13-November-2013,20248.52,20365.59,20161.64,20194.40,
14-November-2013,20351.39,20568.99,20348.27,20399.42,
18-November-2013,20570.59,20868.76,20570.59,20850.74,
19-November-2013,20870.16,20934.40,20828.69,20890.82,
20-November-2013,20857.01,20895.30,20579.94,20635.13,
21-November-2013,20579.26,20579.26,20189.23,20229.05,
22-November-2013,20316.58,20388.12,20137.67,20217.39,
25-November-2013,20326.66,20626.15,20326.66,20605.08,
26-November-2013,20604.27,20604.27,20390.62,20425.02,
27-November-2013,20449.00,20482.67,20348.06,20420.26,
28-November-2013,20522.36,20606.38,20461.51,20534.91,
29-November-2013,20558.93,20819.77,20558.93,20791.93,
2-December-2013,20771.27,20941.00,20770.51,20898.01,
3-December-2013,20857.85,20927.05,20817.75,20854.92,
4-December-2013,20839.45,20863.37,20673.62,20708.71,
5-December-2013,20992.25,21165.60,20929.20,20957.81,
6-December-2013,20955.74,21049.84,20922.45,20996.53,
9-December-2013,21416.67,21483.74,21282.64,21326.42,
10-December-2013,21293.58,21327.75,21175.08,21255.26,
11-December-2013,21191.27,21215.94,21069.45,21171.41,
12-December-2013,21101.05,21103.80,20901.47,20925.61,
13-December-2013,20867.17,20867.17,20692.67,20715.58,
16-December-2013,20714.26,20764.52,20637.77,20659.52,
17-December-2013,20732.44,20784.03,20594.99,20612.14,
18-December-2013,20568.70,20917.57,20568.70,20859.86,
19-December-2013,20959.80,21017.45,20646.03,20708.62,
20-December-2013,20792.37,21117.99,20745.94,21079.72,
23-December-2013,21080.54,21207.89,21059.12,21101.03,
24-December-2013,21127.66,21156.92,21010.65,21032.71,
26-December-2013,21051.00,21135.85,21013.14,21074.59,
27-December-2013,21114.49,21235.14,21113.25,21193.58,
30-December-2013,21260.15,21304.70,21089.21,21143.01,
31-December-2013,21177.77,21230.88,21122.68,21170.68,
